Location,2023,2022,2021,2020,2019,2018,2017,2016,2015,2014,2013,2012,2011,2010,2009,2008,2007,2006,2005,2004,2003,2002,2001,2000,1999,1998,1997,1996,1995,1994,1993,1992,1991,1990,1989,1988,1987,1986,1985,1984,1983,1982,1981,1980,1979,1978,1977,1976,1975,1974
Afghanistan,2792,5166,2900,640,353,2012,1511,638,1154,492,430,2787,3013,1989,2861,1599,1141,1990,1296,466,798,2486,8762,6532,3609,2205,,,,,,,792,1609,1170,4561,10 357,8107,14 457,16 199,18 808,20 320,31 107,32 455,43 979,43 964,28 174,26,466,7
Albania,13,1,,4,488,1469,12,17,,,0,9,28,10,0,,22,68,6,7,8,16,18,662,797,1901,2386,1204,15,29,7,0,0,,136 034,0,0,0,0,0,17,3,,,,,,,,
Algeria,203,47,,,2585,3356,112,41,63,0,25,18,112,103,107,217,0,944,2302,3289,15 374,5862,2686,,2503,3301,19 573,21 003,8204,5913,3141,8823,5969,1796,4169,2634,2500,3975,20 114,22 553,22 126,29 584,20 849,15 527,14 937,10 696,12 015,15 646,8899,10 517
American Samoa,,,,,,,,,,,,,0,,,0,0,,0,0,,,0,1,0,2,12,0,0,0,0,0,19,498,2,3,1,2,28,0,0,2,3,16,3,31,56,11,445,34
Andorra,0,0,0,0,0,0,0,0,0,0,0,0,0,0,0,0,0,0,0,0,0,1,5,2,2,,5,,,,,,,,,,,,,,,,,,,,,,,
Angola,3508,3271,300,1085,2987,57,29,53,119,11 699,8523,4458,1449,1190,2807,265,1014,765,258,29,1196,11 945,9046,2219,350,2576,8183,251,635,5480,9273,16 772,18 382,29 069,19 820,21 009,13 368,15 580,22 822,22 685,22 589,30 067,19 714,29 656,19 682,20 408,12 940,5492,2153,5881
Anguilla,0,0,0,0,0,0,0,,,,,,,,,,,,,,0,,0,0,0,0,0,0,0,0,0,0,1,15,7,2,0,0,0,0,0,1,0,0,259,4,0,17,,
Antigua and Barbuda,0,0,0,0,0,1,0,0,0,0,0,0,0,0,0,0,0,0,0,0,0,0,0,0,0,0,0,0,0,0,0,0,0,0,0,0,0,0,1,1,10,0,247,2291,534,10,4,9,3,1388
Argentina,0,2,0,69,130,14,3,0,0,1,0,2,3,17,3,0,0,0,0,0,0,0,0,6,313,10 229,125,59,655,134,5087,20 551,42 093,1967,4009,4751,8024,6448,9240,31 751,7106,4432,17 582,16 102,9985,9551,36 538,39 291,23 108,23 803
Armenia,554,0,0,0,7,19,1,2,33,13,10,0,0,2,0,0,1,137,2281,1783,4,40,69,15,41,52,802,2027,187,149,338,46,192,879,,,,,,,,,,,,,,,,
Aruba,,0,0,,1,0,0,,,,,,,,,,,,,,,,,,,,,,,,,,,,,,,,,,,,,,,,,,,
Australia,26,7,0,25,286,103,81,99,74,340,158,199,190,70,104,65,11,,10,70,91,32,141,108,235,327,853,498,1198,4895,4536,1425,1380,880,169,248,,,,,,,,,,,,,,
Austria,186,1,1,25,,77,95,27,309,117,,36,68,52,49,448,20,23,9,15,90,,0,,1,0,0,,,,60,,,,,,,,,,,,,,,,,,,
Azerbaijan,13 207,1,0,2,281,55,0,0,0,0,164,0,0,0,,5,0,222,1238,827,1978,4353,574,210,1081,2891,678,151,474,6478,1321,535,6122,2026,,,,,,,,,,,,,,,,
Bahamas,0,0,0,0,3,0,0,0,0,0,0,0,0,0,0,0,0,0,0,0,0,0,0,0,0,0,1,0,0,0,0,0,0,72,59,22,42,85,26,36,2868,50,45,484,1659,222,1831,933,14,432
Bahrain,3,18,0,0,3,0,0,0,0,46,,0,0,0,3,2,7,3,4,11,12,8,5,6,38,4,4,74,3,0,2,12,7,59,181,5,22,97,1910,1134,438,1147,329,1861,1781,1660,1263,4661,1009,3874
Bangladesh,281,311,203,2410,5827,2263,4001,972,240,289,237,1986,5625,788,718,2660,2924,6192,25 934,9743,4067,3484,4414,5098,5666,6522,10 329,4929,4995,9571,5443,5768,9292,1705,27 327,11 471,13 631,14 352,11 699,11 851,9569,18 116,10 441,11 077,31 895,18 576,22 973,40 171,3030,
Barbados,0,0,0,0,0,0,0,0,0,0,0,0,0,0,0,0,0,0,0,0,0,0,0,0,0,0,0,0,0,0,0,0,2,51,2,1,2,2,7,5,6,6,41,27,16,35,1711,270,382,200
Belarus,193,0,3,0,201,259,1,10,2,64,16,10,50,1,0,0,1,149,1,2,21,14,45,21,153,517,135,395,1516,820,3874,2324,1351,224,,,,,,,,,,,,,,,,
Belgium,67,8,7,47,480,117,367,,47,70,39,109,576,40,33,98,64,15,26,61,44,,83,,,0,3869,7221,10 650,11 346,7373,9565,7216,,81 044,47 616,,,,,,,,,,,,,,
Belize,0,0,0,0,0,0,0,0,0,0,0,0,0,0,0,0,0,0,0,0,0,0,0,0,0,0,0,0,4,0,0,11,7,25,2,74,224,124,7,4,11,6,186,607,255,216,19,1341,429,8
Benin,478,455,35,18,437,493,97,89,55,786,637,288,426,392,1461,928,341,176,210,262,217,1588,5859,4244,2573,648,9521,1365,10 469,7557,4102,3049,5396,,3281,5275,13 180,7374,13 210,13 437,11 774,11 850,12 378,18 635,11 096,23 269,15 502,9514,13 235,16 364
Bermuda,0,0,0,0,0,0,0,,,,,,,,,,,,,0,,0,0,0,0,0,0,0,0,0,0,0,2,1,1,4,56,4,0,3,1,20,4,22,13,99,10,6,848,23
Bhutan,10,7,,,2,18,66,45,11,0,0,1,10,21,6,7,11,2,11,3,0,27,756,418,9920,66,169,9,148,683,505,103,441,173,554,382,673,948,819,1321,1356,1868,1102,1642,894,440,,,,
Bolivia (Plurinational State of),0,0,0,2,0,0,0,0,0,0,0,0,0,0,0,0,0,0,0,0,0,0,0,122,1441,1004,7,7,76,1441,3391,4937,2108,820,669,1793,987,346,217,1270,2034,720,7654,4181,5802,3363,8194,6427,2244,5318
Bosnia and Herzegovina,13,6,,,1404,62,18,133,1677,3000,,22,10,45,22,8,166,17,23,28,18,28,,43,133,2811,3937,,125,875,249,144,179,512,,,,,,,,,,,,,,,,
Botswana,63,1,0,5,0,0,0,1,0,1,1,7,8,853,184,0,1,6,5,1,59,7,1,2672,439,700,5032,1030,478,2447,5327,566,565,1218,3771,711,126,1018,1684,9249,6542,1512,2157,4091,8556,2483,8637,3495,8832,5625
Brazil,0,41,668,8448,20 901,10 330,,0,214,876,220,2,43,68,0,0,0,57,6,0,2,1,1,36,908,2781,52 284,580,793,35,6037,7934,42 537,61 435,22 853,26 179,66 059,129 126,75 993,80 875,58 259,39 370,61 281,99 263,65 552,51 345,54 410,73 631,19 764,20 061
British Virgin Islands,0,0,0,,0,0,0,,,,,,,,,,,,,,0,0,0,0,0,0,0,0,0,0,0,0,0,90,168,0,0,0,0,0,6,1,0,20,10,0,0,2,12,152
Brunei Darussalam,1,0,0,0,1,1,0,1,4,1,,1,4,0,2,3,,,9,16,24,,11,42,23,12,13,,,,50,51,,12,39,28,63,440,617,541,558,243,775,485,249,2138,,133,,
Bulgaria,0,1,0,257,1231,13,165,1,0,0,14,1,157,22 004,2249,1,1,1,3,0,0,0,8,46,24,80,23,695,172,121,354,20 258,2028,147,111,404,1560,1370,972,292,326,281,9239,10 763,249,423,806,16 877,20 162,41 335
Burkina Faso,680,252,,2480,672,4072,49,226,99,343,375,7362,860,2511,54 118,395,12,125,253,77,2946,1744,4174,6074,5516,,1438,18 534,5669,2925,14 445,21 751,6590,9804,7474,7782,28 282,11 722,17 461,30 094,21 395,20 940,17 327,13 713,29 672,9213,32 317,22 563,33 683,11 329
Burundi,1684,212,369,1700,112,9,18,16,9,0,0,49,129,495,305,173,43,784,0,2,224,1016,,18 363,2928,1449,1273,16 099,14 782,7192,23 869,22 344,10 397,13 282,28 014,33 261,23 297,39 631,36 740,28 587,49 302,42 051,58 970,49 227,43 557,49 629,58 755,37 019,30 949,20 025
Cote d'Ivoire,1361,1596,1837,600,372,453,163,45,65,50,48,137,628,441,183,12,5,11,115,3466,4770,5882,5790,5729,4824,12 289,9665,20 858,30 039,,7465,14 765,9902,17 799,18 660,16 864,34 170,23 839,8892,5946,7139,15 605,14 782,7633,8840,11 670,12 503,11 139,73 521,79 578
Cabo Verde,0,0,0,,0,0,0,,0,0,0,0,0,0,0,0,0,0,0,0,0,0,0,2,1,289,8584,0,10,30,0,1,7,0,1,7,450,,3048,49,1385,1282,150,1279,306,261,204,440,,
Cambodia,11,13,5,379,684,3,10,56,0,0,0,15,722,1156,4779,4211,394,188,264,352,653,1361,3761,12 237,13 827,1993,3826,2814,2038,946,1262,2759,2186,2473,9256,4934,9281,17 219,44 557,38 329,10 368,57 605,40 774,32 240,,,,,,
Cameroon,6105,3217,771,1509,2809,814,712,338,1809,831,760,609,504,240,251,495,100,196,605,358,899,1448,23 934,14 629,10 894,10 731,7504,11 770,2463,1548,10 892,27 442,14 622,21 150,24 314,23 207,16 654,31 936,47 178,38 580,58 904,33 876,10 546,,,23 837,,7277,,34 750
Canada,12,3,0,1,113,28,45,11,195,418,83,10,803,99,14,62,101,13,6,7,15,6,34,206,29,12,579,327,2361,523,203,2742,6178,1033,11 145,609,2385,14 941,2816,4078,934,1064,2307,13 864,22 444,5858,0,9158,13 143,11 985
Cayman Islands,0,0,0,0,,0,0,,,,,,,,,,,,,,0,0,0,0,0,0,0,0,0,0,0,0,0,0,5,1,3,2,4,5,9,0,2,9,274,43,,62,14,0
Central African Republic,3841,155,286,3433,3390,224,801,367,150,210,596,141,679,2,11,12,49,3,471,1233,652,938,2837,3207,600,146,194,248,902,,1694,3022,3644,1275,331,1898,2148,1785,2446,6395,1564,2563,3820,8280,9104,8800,4382,11 993,,3158
Chad,11 862,2158,2577,2170,1882,1457,9,118,418,1275,226,120,8650,194,165,63,441,1594,2,10 324,15 801,7277,24 908,3546,6868,12 371,10 446,24 162,21 952,9696,20 894,19 035,21 182,7226,7449,3645,3623,3500,6430,6921,5160,1223,36,,306,2033,12 299,15 001,2243,7051
Chile,1,0,0,2,11,24,0,0,9,0,0,0,6,0,1,0,0,0,0,0,1,0,0,0,31,6,58,0,0,0,1,1,2098,1958,13 008,45 079,2623,12 563,17 101,4785,6752,9438,6527,3844,34 390,15 381,1062,2542,8413,16 806
China,621,552,554,867,2974,3940,5941,24 820,42 361,52 628,26 883,6183,9943,38 159,52 461,131 441,109 023,99 602,124 219,70 549,71 879,58 341,88 962,71 093,61 840,53 030,79 621,68 404,53 232,76 204,117 851,140 048,123 428,85 705,85 049,96 994,104 925,198 738,418 159,619 709,781 475,892 870,1 010 755,1 122 285,1 717 031,2 377 776,2 640 161,2 558 995,2 553 084,3 276 531
"China, Hong Kong Special Administrative Region",4,3,1,1,90,17,4,9,18,,8,8,13,13,22,69,88,,,,33,,179,60,32,56,318,110,33,210,29,329,278,48,139,3162,194,215,280,678,888,1863,249,1669,1929,240,1537,1463,138,1575
"China, Macao Special Administrative Region",0,0,0,0,37,3,2,0,0,,1,1,1,,0,4,0,,0,0,3,,3,5,1,0,3,,3,52,21,35,1,19,4,642,0,104,265,110,231,0,9,73,41,135,0,274,5,
Colombia,0,0,0,1,244,208,0,0,1,0,1,1,6,0,0,0,0,0,0,0,0,139,3,1,44,61,67,160,410,525,9105,7976,10 391,12 520,12 598,14 801,20 620,5180,5572,11 849,13 099,9273,19 612,9222,18 144,20 446,21 362,23 272,10 706,25 969
Comoros,51,4,0,0,65,0,0,0,0,0,0,1,3,0,1,0,0,85,912,0,0,0,,,0,0,0,0,0,2,0,0,0,2328,170,0,0,0,0,0,0,0,0,1801,0,0,277,277,,1876
Congo,385,6718,160,37,66,28,958,277,1359,71,124,260,315,4,1,2,84,126,146,3524,3712,2788,2152,1678,313,174,1267,3897,2381,226,693,4302,4042,3608,498,454,1420,6424,7600,18 615,16 642,12 931,9668,11 892,27 048,15 736,15 831,16 523,16 611,12 380
Cook Islands,,,,,0,0,,,,,,0,0,0,0,0,1,6,0,0,17,0,0,2,0,9,194,0,7,0,3,9,61,36,691,15,16,5,50,1,4,14,57,363,8,28,136,103,58,26
Costa Rica,1,0,0,0,10,0,0,0,0,1,0,0,0,0,0,0,0,,1,0,1,0,0,0,23,27,26,24,35,0,273,2361,6296,76,33,358,4004,4534,1,11,39,167,170,1000,6883,361,2054,1774,743,512
Croatia,3,0,0,0,52,23,7,4,206,,0,2,12,7,2,51,0,1,2,54,19,6,8,9,31,648,240,119,697,138,87,160,117,119,,,,,,,,,,,,,,,,
Cuba,0,0,0,0,0,0,0,0,0,0,,0,0,0,0,0,0,0,0,0,0,0,0,0,0,0,0,0,1,0,2,12,17,12,12,121,858,3312,2874,3315,3287,23 408,18 387,3924,7512,18 751,25 358,14 882,10 585,13 874
Curaçao,,,,,1,0,0,,,,,,,,,,,,,,,,,,,,,,,,,,,,,,,,,,,,,,,,,,,
Cyprus,0,0,1,1,6,15,3,0,0,10,0,1,0,18,0,1,0,0,1,0,0,0,,0,0,1,1,55,0,0,0,20,1,4,0,0,0,1,1,3,183,27,3,0,4,8,118,19,0,217
Czechia,1,0,0,4,590,207,142,7,9,222,15,22,17,0,5,2,2,7,0,17,30,4,6,9,2,19,14,10,5,9,14,416,839,2420,,,,,,,,,,,,,,,,
Democratic People's Republic of Korea,0,0,,0,,0,0,0,0,3,0,0,0,0,0,8,3550,0,0,0,0,0,0,,0,0,0,0,0,0,0,0,0,0,0,0,0,0,0,0,0,0,0,0,0,0,0,0,0,0
Democratic Republic of the Congo,311 500,4380,54 471,82 290,333 017,69 693,45 107,5092,5020,33 711,88 381,72 029,133 802,5407,57,12 461,55 577,80 123,182 485,44 934,21 956,30 466,8072,8282,12 135,15 271,5766,9546,5443,12 573,2749,63,,4564,11 178,13 214,14 866,19 430,19 508,11 385,21 057,30 775,38 142,32 596,29 497,37 896,43 451,59 919,51 040,57 774
Denmark,9,0,0,4,15,8,4,3,9,27,17,2,84,5,6,14,2,27,2,0,0,32,11,14,,,61,119,20,36,115,129,162,180,405,618,6268,23 490,13 187,21 188,33 242,15 656,35 651,28 249,66 493,18 593,52 308,57 756,14 167,54 581
Djibouti,446,206,0,,,28,3,8,47,,28,709,49,7,48,143,24,49,298,71,37,50,79,183,341,198,,410,8,,37,129,13,104,490,473,52,,108,1295,,31,4533,,1120,839,899,825,487,298
Dominica,0,0,0,0,0,0,0,0,0,0,0,0,0,0,0,0,0,0,0,0,0,0,0,0,0,0,0,0,0,0,0,0,6,13,9,10,82,45,64,188,1,2,27,0,178,0,85,122,1,171
Dominican Republic,0,0,0,0,0,0,0,0,0,0,0,0,2,0,0,0,0,0,0,0,0,0,113,253,274,14,1,0,0,3,4637,7650,7512,3477,1505,692,499,501,4417,4429,2960,3671,3410,9760,8944,5796,5707,7225,4224,4148
Ecuador,0,0,0,0,0,19,0,1,0,0,0,72,257,0,0,1,0,0,0,0,0,0,2,0,0,0,0,42,919,3668,3627,4356,1585,1646,3649,8004,1537,839,1183,6979,2556,1647,4678,2722,4206,870,2438,7009,241,3906
Egypt,267,14,0,3,0,48,24,225,5432,1314,405,245,26,16,608,668,1684,953,77,80,164,653,2150,2633,1547,4868,4606,4403,1833,1444,2874,4403,1231,887,4057,3672,1805,1176,5554,4898,813,7365,1777,839,4763,1130,3780,2051,3492,
El Salvador,0,0,0,0,0,0,0,0,,0,0,0,0,0,0,0,0,0,0,0,0,0,2,0,0,0,0,1,0,0,38,509,0,0,0,787,405,278,1413,4775,2407,3664,12 554,2315,10 371,1621,7567,7227,511,467
Equatorial Guinea,270,49,43,53,0,0,1,1699,1250,13,321,1190,0,0,78,436,5,0,,38,18,24,1339,,,,0,1,44,270,157,297,32,32,582,14 875,11 865,788,464,198,,,,,,,,,,
Eritrea,54,28,25,12,6,70,1199,142,198,127,45,194,48,51,82,0,55,128,19,24,376,460,204,789,320,316,777,1783,185,541,267,,,,,,,,,,,,,,,,,,,
Estonia,4,0,0,0,27,10,1,2,4,0,2,4,7,0,0,0,1,27,2,0,0,0,0,9,12,17,18,19,17,230,312,71,129,33,,,,,,,,,,,,,,,,
Eswatini,3,64,29,1,0,0,0,1,0,0,0,0,0,313,26,1,0,0,0,0,350,37,49,10,0,180,609,2201,171,610,7148,2042,1467,1465,1461,1581,4261,2253,3253,4794,3267,9185,2592,,,,,2464,,
Ethiopia,24 038,9292,1953,1952,3998,1752,1921,4579,17 745,12 739,5253,4347,3255,4235,1176,3511,1446,1451,357,73,228,3332,2366,1660,5329,1603,1113,1586,562,1133,1152,4815,497,1836,4169,7575,4832,3760,66 544,9843,5866,10 527,9784,10 690,21 030,11 208,3132,2586,5157,3821
Fiji,,,,,28,0,,5,,,,0,,0,1,0,0,136,,37,305,304,17,,,,828,39,414,39,425,969,,32,53,610,1075,385,152,827,313,902,1003,913,1621,441,2384,212,1026,1911
Finland,1,0,3,4,12,15,11,4,2,,2,,27,5,2,5,0,0,1,0,0,0,1,,,1,0,0,6,1,0,5,8,3,1032,129,635,741,614,729,4751,5402,3813,2147,2396,2325,2837,8706,3384,11 353
France,117,15,16,240,2637,2921,519,79,157,267,272,,14 949,5048,1541,604,39,40,36,4448,,5185,,10 000,,,80 000,66 000,54 239,44 005,77 232,109 548,156 849,,,,,931,399,978,870,812,1132,1244,1603,2026,2106,2607,1813,5235
French Polynesia,0,0,0,0,,,,,,,,,0,0,0,0,0,,,,,,3,,13,0,518,387,7,95,21,22,31,30,82,18,40,43,1927,113,1015,1187,1281,379,311,293,3478,40,17,
Gabon,1167,1293,134,9,2,1,1075,1509,27,33,122,2,2,1,0,3,0,90,0,63,,110,5129,15,,,,70,,,958,1245,,738,1780,655,2074,6826,5222,7234,4324,1747,2306,1641,3172,4614,6130,2963,10 967,2245
Gambia,38,58,0,,1,4,1,45,71,1,0,0,0,2,0,0,0,0,0,0,119,32,99,336,856,,1500,15,130,280,912,364,164,,,,,3997,1628,,1372,1566,262,284,2610,1655,1911,843,2580,958
Georgia,39,,5,20,3918,2199,94,14,431,3188,7872,31,64,22,23,56,44,334,1356,6847,216,199,35,50,144,218,342,304,181,723,409,115,352,,,,,,,,,,,,,,,,,
Germany,79,,,76,514,543,929,326,2464,443,1771,166,1607,780,574,917,567,2307,778,121,779,4657,6024,,,,,,,,,,,,45,17,189,199,568,11 759,9798,2029,5290,28 745,2128,941,1067,3694,1493,400
Ghana,2282,395,52,88,1274,34,19,32,23,124,319,1613,120,641,101,82,6,420,435,60,1939,12 289,13 476,23 068,15 987,23 335,37 261,34 273,40 276,34 821,34 641,39 933,17 135,32 246,19 997,40 456,24 781,11 099,64 517,40 179,36 561,79 636,38 476,82 684,88 808,107 381,108 440,131 405,140 821,91 315
Greece,0,0,0,3,45,2291,968,0,1,1,3,3,40,149,2,1,2,,122,1,,5,12,56,69,66,136,6082,112,163,503,3448,1371,245,534,5100,1891,1050,1484,1200,23 723,3417,1389,13 464,7822,2169,15 717,8027,8931,5357
Grenada,0,0,,0,0,0,0,0,0,0,0,0,0,0,0,0,0,0,0,0,0,0,0,0,0,0,0,0,3,0,0,0,2,6,2,4,6,20,7,11,268,1713,9,53,3,197,1542,111,2,79
Guam,0,,,,0,0,0,0,0,,0,0,1,0,0,0,0,,0,2,7,,0,0,1,0,0,0,0,228,25,4,62,1,3,2,2,6,12,104,3,9,6,7,13,28,6,16,33,20
Guatemala,0,0,0,0,0,1,0,0,0,0,0,0,0,0,0,0,0,0,0,0,0,0,0,0,0,1,8,1,23,204,17,97,209,8802,2413,182,400,1650,2272,3072,2762,3992,3472,2703,3351,2178,2682,3791,3007,926
Guinea,94,417,505,506,4555,482,2036,316,243,175,53,6,11,45,264,89,3,4,99,10,2497,2151,7408,11 294,18 004,9170,10 170,10 292,1085,2372,5228,1617,6708,12 756,4152,3353,7357,2592,2969,4396,8856,15 038,11 397,8552,6236,4061,8045,5852,7536,11 798
Guinea-Bissau,5,213,,22,60,28,11,0,153,1,0,0,0,26,0,12,1,0,0,3526,1158,298,126,,472,,498,73,528,378,1707,842,2396,259,106,1103,174,2241,1328,355,3218,1613,2096,1332,3478,351,209,334,,273
Guyana,0,0,0,0,0,0,0,0,0,0,0,0,0,0,0,0,0,0,0,0,0,0,0,0,0,0,0,0,0,0,0,0,12,1,11,917,22,15,87,294,20,41,7,464,910,11,240,327,58,314
Haiti,,0,0,0,0,0,0,,0,0,0,0,0,0,0,0,0,0,0,0,0,0,159,992,0,3,0,1,,,,,,1414,580,235,3130,269,2111,1681,869,1064,2502,507,1143,280,970,1330,718,837
Honduras,,,0,0,0,0,0,0,0,0,0,0,0,0,0,0,0,0,0,0,0,0,0,0,0,0,5,4,0,3,13,58,95,8360,6353,1155,1437,603,6476,5028,1168,2446,5857,4188,4895,5219,2538,4206,3098,2346
Hungary,1,0,0,0,23,14,36,0,0,0,1,2,5,0,1,0,0,1,2,0,0,0,20,1,1,23,24,12,4,11,33,14,16,29,,1103,30,17,20,98,124,2521,10 573,1198,216,334,130,243,638,46 790
Iceland,0,0,0,0,9,0,3,1,0,0,0,0,0,0,0,0,0,0,0,0,0,,0,0,,,1,1,2,7,8,8,10,14,23,11,14,132,374,162,39,14,24,13,32,240,2994,36,11,37
India,65 150,40 967,5700,5604,10 430,19 474,12 032,17 250,30 168,26 530,8285,3305,33 634,31 458,56 188,44 258,41 144,64 185,36 711,55 443,47 147,40 044,51 780,38 835,21 013,33 990,61 004,47 072,37 494,50 518,50 391,71 798,77 859,89 612,165 771,161 379,252 940,155 076,161 216,190 881,129 639,146 196,202 054,114 036,143 338,121 313,133 654,157 047,133 561,119 714
Indonesia,18 063,7704,394,524,1965,5300,9035,6962,15 099,12 943,8419,15 489,21 893,18 869,20 818,15 369,19 456,20 422,15 853,29 171,24 457,14 492,3825,3344,4767,1034,15 313,35 383,37 693,48 147,63 751,80 580,90 358,92 105,229 666,76 446,395,1136,9458,18 947,4670,25 152,33 106,28 935,903,654,11 879,97,205,152
Iran (Islamic Republic of),648,230,103,4,20,203,51,82,615,99,189,332,73,538,262,127,133,220,7,3,11 644,9554,9582,11 874,4137,2869,3901,2329,263,506,4616,5028,6034,5341,5895,11 559,19 383,14 904,20 582,32 909,43 623,47 719,35 858,31 130,20 117,53 615,20 188,16 176,33 640,18 623
Iraq,12 331,12,197,,3799,489,41,37,1433,1317,669,15,15,492,30 328,5494,230,474,908,9081,,,4088,726,9920,43 735,708,256,7650,10 657,16 339,20 106,11 358,3045,11 617,9284,7978,10 122,22 186,38 148,37 903,31 564,64 294,26 542,73 243,52 634,76 329,37 884,55 889,65 391
Ireland,4,2,0,15,65,76,25,43,4,33,51,107,285,443,164,57,64,87,95,334,584,243,241,,147,204,185,228,235,1233,4328,179,135,556,1248,936,201,451,9903,5725,6180,1897,1075,1106,1668,1585,1501,1651,2957,2040
Israel,,,0,6,1139,3177,42,8,80,6,50,211,70,23,5,931,539,9,2,116,124,2,19,36,14,8,12,19,22,1555,141,66,991,230,29,194,438,1951,3005,137,129,7864,228,215,553,400,89,73,4795,871
Italy,,15,9,103,1623,2682,4042,,159,,,376,5189,372,351,1617,321,439,135,599,10 982,9385,,1457,2908,4072,41 254,32 596,37 131,6158,16 890,65 013,23 458,5223,29 214,92 188,20 627,21 306,75 040,77 149,26 371,18 423,71 239,27 452,23 270,67 360,42 677,55 493,52 033,24 714
Jamaica,0,0,0,0,0,0,0,0,0,0,0,0,1,0,0,2,0,0,0,0,0,0,0,0,0,2,0,4,15,0,0,0,308,3651,5726,30,37,30,67,236,1164,2815,5266,36,82,845,49,1206,705,595
Japan,,,6,12,742,279,187,165,35,462,229,228,434,450,741,11 015,,520,,8752,8286,33 812,22 552,22 497,,899,,1640,,,2002,,5452,3259,1753,3109,5872,6323,2810,12 268,7281,6716,21 471,13 219,18 866,34 385,18 051,31 647,15 217,24 002
Jordan,,457,,0,48,0,0,0,0,20,120,3,0,0,0,2,41,1,28,21,76,19,61,32,115,428,7026,448,318,516,2985,1071,143,290,1397,4810,1645,297,559,2592,183,1594,1174,552,1212,627,1170,827,1116,1165
Kazakhstan,15 111,4,2,3270,13 326,576,2,122,526,321,73,55,127,4,0,20,13,109,16 118,2204,24,18,94,245,1391,1935,120,123,284,1788,3297,647,1425,273,,,,,,,,,,,,,,,,
Kenya,896,1774,266,597,439,822,63,128,95,354,190,,2395,95,1218,1282,1516,1847,153,20,65,766,11 304,21 002,8601,9262,3339,3572,3322,4180,961,65 004,59 937,77 072,86 727,70 200,49 858,26 199,111 492,200 143,285 681,270 767,257 839,28 473,66 792,41 572,48 758,34 649,33 868,38 885
Kiribati,,,1,0,3,0,0,,,0,0,0,0,0,0,0,0,,0,0,,0,0,0,2,355,25,13,4,292,114,4357,8,30,1612,264,22,2,2015,1417,0,11,70,170,0,2683,78,3,0,9212
Kosovo (in accordance with UN Security Council resolution 1244 (1999)),,0,,,,,,,,,,,,,,,,,,,,,,,,,,,,,,,,,,,,,,,,,,,,,,,,
Kuwait,6,7,3,,12,42,18,8,18,55,62,27,32,13,,,,,10,23,,,,6,13,90,26,15,12,432,260,383,165,71,71,70,428,237,2061,608,1590,586,2595,1382,2086,1560,2162,907,1982,2870
Kyrgyzstan,7046,,3,,2380,1007,5,0,17 779,318,1,0,222,0,1,16,40,27,53,8,6,2,17,16,478,2397,998,74,17,168,3825,815,824,584,,,,,,,,,,,,,,,,
Lao People's Democratic Republic,2,0,2,138,1119,10,3,8,56,339,71,32,113,153,78,174,1678,58,295,1491,1810,2070,94,332,2302,4613,671,917,3174,984,1083,520,1400,2168,2793,2243,2580,1367,1492,924,1076,383,,1380,,208,153,166,169,22
Latvia,1,0,0,0,3,25,0,0,0,36,0,3,1,0,0,3,0,7,2,0,,,1,0,0,3,4,3,2,10,54,248,6,21,,,,,,,,,,,,,,,,
Lebanon,346,,,15,1047,944,126,44,39,112,1761,9,9,12,22,24,373,956,618,213,526,36,8,5,8,966,134,2,3,51,396,13,,,,,,,,,266,,3,,,,,,,
Lesotho,17,3,368,39,464,7,0,0,0,0,516,179,172,2488,0,0,2,1,,31,1,0,217,660,944,,0,,304,573,235,1816,2351,2195,1378,1797,2448,4376,7362,5821,5239,6941,7624,7935,8753,6458,10 434,3691,5806,5903
Liberia,4604,8300,250,884,1203,3781,960,789,1060,34,0,43,279,2200,6,1,1,20,8,4,142,131,1379,5977,1679,1436,2961,1938,56,571,6398,5776,,,1866,2556,2178,836,2686,6151,4835,6873,7810,6567,3243,3705,3588,2212,591,592
Libya,257,32,,,188,1082,8,32,82,372,,320,,,329,8,59,1,292,2771,,3890,633,,,50,26,,,1127,733,3691,1695,931,207,316,401,851,4193,2526,996,928,1570,1547,2879,1560,2474,1863,1561,732
Lithuania,3,0,0,2,834,30,2,22,50,11,35,0,7,2,0,1,0,1,1,1,1,103,7,19,23,18,30,35,188,286,249,200,143,,,,,,,,,,,,,,,,,
Luxembourg,0,0,0,0,24,4,4,0,0,,0,2,6,0,0,1,0,8,,0,1,,,0,,,1,25,1,1,4,48,1,16,12,18,153,27,62,35,21,243,214,63,121,263,424,41,288,171
Madagascar,355,80,44,777,213 231,21 420,11,5,3,3,6,2,0,1,0,3,0,2,,35 558,62 233,10 795,9357,35 256,35 196,15 510,13 865,5961,11 731,14 164,6060,1846,5824,14 459,29 654,17 069,10 841,21 546,69 884,66 894,101 925,84 494,140 653,119 679,146 887,93 499,130 771,40 398,,
Malawi,173,29,5,76,17,1,4,0,0,3,1,11,26,118 712,21,20,143,1,184,1116,167,92,150,304,152,3591,10 845,9120,4218,2164,3614,32 177,5730,,93 100,81 100,114 061,105 682,126 581,80 766,150 248,104 921,84 610,162 686,195 644,246 511,201 000,200 000,,
Malaysia,2002,209,128,478,1077,1981,1709,1569,1318,221,195,1868,1569,73,153,334,394,564,1407,5729,632,408,2198,6187,2576,483,627,460,654,346,542,363,275,563,1027,2304,5429,4699,5163,8147,9313,9268,5690,8727,6352,7233,6972,4786,1377,7990
Maldives,5,0,0,15,0,1,1,0,0,0,0,0,0,0,6,0,20,47,1395,37,75,926,0,20,,0,,0,3070,706,61,0,0,0,0,0,0,0,2029,0,0,0,1479,,1524,,,,,
Mali,364,765,2074,498,454,499,26,107,215,290,221,341,24,1719,2939,98,2,128,33,172,232,717,4464,1578,2506,10 240,3531,10 995,3306,3420,10 595,7830,13 473,1388,3605,4478,4352,4669,29 732,4494,8759,16 432,8413,10 007,12 782,18 049,25 624,39 673,34 481,40 476
Malta,0,0,1,2,30,6,0,0,2,0,,,3,0,1,1,2,1,6,4,4,7,2,2,1,3,5,16,27,8,3,43,8,6,17,17,46,1844,175,58,620,1530,121,14,30,3348,472,38,23,784
Marshall Islands,0,,0,,,,,,,,,0,0,0,0,,0,0,0,0,1127,0,0,0,0,0,0,0,,0,9,10,19,14,13,,0,1,4,0,0,0,0,0,0,0,0,0,0,0
Mauritania,339,96,249,0,196,77,63,13,1,14,62,35,234,1292,322,4,11,22,127,5039,3611,883,1398,,5263,1303,499,,195,2668,5754,4990,4601,1379,5032,434,2323,5318,15 123,11 203,15 710,6743,8658,11 441,9382,6761,6701,10 373,9501,9961
Mauritius,0,0,0,,98,,0,0,,0,0,0,2,12,15,12,13,3,7,28,777,,0,0,0,,0,0,6,10,88,7,0,1,0,2,0,5,2,6,0,4,0,35,,,,,,
Mexico,0,0,0,196,0,5,0,0,0,3,0,0,3,0,0,0,0,23,6,64,44,0,3,30,0,0,0,2,244,128,172,533,5077,68 782,20 381,3915,2776,9824,23 826,5158,3368,6364,11 136,29 730,10 691,3078,24 035,23 722,1530,2325
Micronesia (Federated States of),1,1,,,0,0,0,0,0,140,0,0,0,,0,,0,0,0,0,0,,0,0,0,0,0,,0,930,0,41,0,1,0,0,1,,,,,,,,,,,,,
Monaco,0,,0,,1,0,1,,,,,5,,,,,,,,,0,,,,,0,,,,,,160,,0,0,0,0,0,0,0,0,0,12,,,,,,,
Mongolia,0,46,,0,2,1,9,30 273,20 359,0,0,0,0,7,8,31,12,26,0,0,18,1205,10 677,925,10,8,4,128,555,177,71,1069,656,296,2176,3044,378,133,525,29 738,1935,209,695,5338,355,138,3045,16 807,,
Montenegro,0,0,0,,0,200,0,0,,,0,0,5,5,0,0,0,0,,,,,,,,,,,,,,,,,,,,,,,,,,,,,,,,
Montserrat,0,0,0,,0,0,0,,,,,,,,,,,,,,,0,0,,0,0,0,0,0,0,0,0,0,0,1,1,0,0,0,0,0,0,5,3,3,3,,,,144
Morocco,,,,,,483,,,17,10,92,668,982,633,834,1455,2248,1217,,6399,10 841,6000,2724,7368,10 853,7863,2512,1324,2380,3512,8431,6008,2125,1577,1689,2306,26 621,15 333,4216,11 484,80 806,53 160,109 486,86 919,113 486,94 094,156 598,87 011,143 988,123 366
Mozambique,656,1047,619,426,63,16,122,,79,9,8,145,177,2321,60,4,267,183,12 598,9396,28 898,7155,7085,7375,3936,15 693,15 324,9251,4166,9618,5799,3092,5059,18 082,22 832,12 142,12 749,16 109,16 507,12 508,11 734,11 909,16 358,30 070,13 519,7457,10 220,8711,10 414,445
Myanmar,15,10,8,444,5252,1389,1293,266,6,122,1010,2175,2046,190,329,333,1088,760,314,1329,830,736,2519,845,791,1465,1035,1684,1170,1855,2682,1794,4437,7900,3883,4323,5540,3830,16 386,16 580,18 919,25 102,26 821,21 457,17 090,5867,6190,7674,4326,2350
Namibia,42,31,4,5,12,9,16,40,212,477,1028,86,79,3138,4076,0,21,3,4,4,262,1278,416,469,296,495,5359,4901,1723,133,1328,6874,,,,4482,16 874,,,,,,,,,,,,,
Nauru,,,,,0,,,0,,,,11,0,,0,0,0,0,0,0,,0,0,0,1,,58,,0,,,,,300,0,,0,1,,,,1,0,10,0,33,80,,,
Nepal,963,130,143,388,430,260,99,1269,1599,1279,1861,3362,2359,190,189,2089,1415,2838,5023,12 074,13 344,6749,10 849,9397,,5771,12 677,7213,4810,1401,59,136,93,182,171,193,190,68,952,2042,1117,1268,254,561,1025,854,307,225,,
Netherlands (Kingdom of the),7,6,0,2,84,24,16,6,7,140,2632,10,51,15,15,109,10,1,4,11,4,3,,1019,2368,9,21,57,184,302,468,472,59,16,124,1519,227,90,24,82,480,95,77,178,56,133,1812,2512,,
New Caledonia,0,0,,,,0,1,,,,0,0,0,0,0,0,0,,0,,0,,0,0,,,0,,2,6,6,3,5,18,8,9,1221,950,77,79,18,1448,77,800,794,265,982,664,222,947
New Zealand,,0,0,7,2189,30,15,103,10,280,8,68,597,43,198,,25,20,20,33,66,21,65,65,106,164,2041,,,33,69,,9239,,0,,,,,,,,,,,,0,0,,
Nicaragua,0,0,0,0,0,0,0,0,0,0,0,0,0,0,0,0,0,0,0,0,0,0,0,0,0,0,0,0,5,3,339,2332,0,0,0,314,792,2550,956,153,112,226,224,3784,1270,161,901,1368,1934,841
Niger,1708,12 898,9271,2754,10 321,5034,1171,776,7693,1142,1224,272,771,372,801,1317,282,59,2183,63 057,54 190,31 584,61 208,21 319,36 156,11 404,32 649,68 921,67 986,48 685,36 557,31 341,90 071,20 463,22 932,16 864,14 290,17 626,64 689,42 199,30 288,39 815,36 139,36 811,44 294,35 302,18 175,23 523,17 018,32 646
Nigeria,20 143,23 983,10 649,8877,28 094,7063,11 190,17 136,12 423,6855,52 852,6447,18 843,8491,1272,9960,2613,704,110 927,31 521,141 258,42 007,168 107,212 183,217 151,143 098,21 385,88 675,12 393,106 081,54 734,85 965,44 026,115 682,33 678,75 908,77 566,115 743,161 768,182 591,136 778,139 785,129 671,162 106,176 468,188 727,282 897,153 560,134 976,115 634
Niue,,0,,,0,,,,,,0,0,0,0,0,0,0,,0,0,0,0,0,0,0,0,0,0,0,2,0,0,121,,1,1,0,7,21,0,0,0,2,22,2,0,1,0,4,
North Macedonia,1,0,1,0,1337,64,19,0,1,116,4,7,701,217,5,27,1,3,5,9,18,19,27,36,53,,364,1056,217,229,2495,180,181,,,,,,,,,,,,,,,,,
Northern Mariana Islands,0,,,,0,0,,,,,,,0,0,0,0,0,,0,0,0,,,0,0,,1,,0,29,116,7,,35,1,0,0,,,,,,,,,,,,,
Norway,2,1,0,4,18,12,1,0,14,3,8,4,39,3,2,4,,0,0,7,8,5,4,0,,,11,23,18,6,7,73,17,95,13,133,563,1219,1312,1775,6181,10 974,4586,1322,2724,15 942,13 407,3204,3636,15 570
"occupied Palestinian territory, including east Jerusalem",3,,11,1001,228,0,63,,,,,,,1,,,,,,,,,,5,138,40,28,33,,,,,,,,,,,,,,,,,,,,,,
Oman,25,5,0,7,0,0,9,111,0,,0,13,5,3,19,18,24,13,25,18,1,5,15,15,9,5,12,46,68,181,3108,1834,220,1262,4255,6052,3804,2001,4161,9652,9151,16 645,40 679,10 630,16 706,22 221,11 689,21 187,16 679,
Pakistan,17 722,8378,10 399,2747,2066,33 007,9175,2703,386,1370,8749,8046,4386,4321,863,1129,2801,7641,2981,4248,4740,3903,3849,2064,2940,2333,1848,1090,1720,1421,1967,2967,617,21 785,2349,55 543,45 996,42 304,26 686,17 322,21 004,19 890,29 010,28 573,26 263,26 163,6571,3069,6892,2353
Palau,0,0,,,,,0,0,0,0,0,0,0,0,0,0,0,0,0,0,,0,,0,0,1,0,0,0,0,93,0,0,0,1,0,0,0,0,0,0,0,0,0,0,0,0,0,0,0
Panama,,0,0,0,0,0,0,0,0,0,0,0,4,0,0,0,0,0,0,0,0,0,0,0,0,0,0,0,19,3,90,845,2430,1891,301,378,1885,4199,4295,358,595,4014,4332,2096,4350,2346,2545,1317,245,508
Papua New Guinea,12,2,0,4,1,19,7,0,38,2299,12,0,0,0,0,0,0,1,1222,1385,3863,17 620,4023,7135,6304,1148,678,2313,3730,6821,8212,6634,2740,4575,9799,6543,10 206,19 024,5680,9874,10 023,12 771,16 519,12 125,9394,8059,7121,6135,4172,4141
Paraguay,0,1,0,0,0,0,0,0,0,0,0,0,0,0,0,0,0,0,0,0,0,0,0,0,0,70,143,13,73,122,2066,864,526,1396,386,755,1742,610,666,979,1259,531,428,745,1309,487,1596,1331,140,2601
Peru,0,0,0,0,2,42,0,0,4,0,0,0,0,0,0,1,0,0,0,0,0,0,0,1,12,10,95,105,353,670,1730,22 605,1014,737,1145,5785,6240,6099,9393,13 039,7619,12 708,10 071,19 246,13 345,3386,8827,9761,6749,7687
Philippines,2892,589,206,3832,48 525,20 827,2428,716,619,58 848,2920,1536,6538,6368,1469,341,530,9,118,3025,10 511,7003,7360,7120,2981,1984,9218,,3913,3006,7541,39 304,29 037,42 938,68 986,70 801,81 896,59 375,62 959,75 290,43 684,35 989,27 031,26 765,29 230,27 842,27 694,29 901,28 198,22 999
Poland,,27,13,29,1367,359,63,123,,,84,71,,13,115,,40,120,13,11,48,34,133,77,99,2255,338,639,752,864,1410,3695,2419,56 471,7225,1005,1286,6806,35 680,54 403,11 271,7620,35 283,24 882,30 653,84 073,44 949,125 168,146 664,70 857
Portugal,0,0,0,10,10,162,34,34,0,,1,23,2,5,3,1,0,0,7,5,8,8,,45,50,96,129,112,192,3230,881,208,275,407,11 791,2285,813,,,,,,,,,,,,,
Qatar,127,1,1,3,5,2,9,30,18,46,73,160,101,295,112,,361,144,74,29,24,34,23,46,,116,439,38,0,31,86,68,563,314,1083,382,409,2095,1410,886,816,506,1489,392,402,319,376,242,126,215
Republic of Korea,7,,0,6,194,15,5,18,7,442,107,2,42,114,17,2,194,28,7,11,33,62,23 060,32 647,,4,2,71,71,7883,,,,3415,2394,1579,1880,1818,1283,2246,695,6776,2307,5097,2533,6149,5064,7328,4973,4867
Republic of Moldova,3,,0,,90,340,0,0,0,2,27,11,0,0,0,0,10,34,6,4,87,4929,457,687,245,673,364,344,1174,3951,866,322,621,3242,,,,,,,,,,,,,,,,
Romania,3677,17,2,1004,3900,6407,9076,2435,4,59,1159,7450,4189,193,8,12,353,3196,5043,117,9,14,10,35,240,9547,23 579,906,2188,6228,28 321,6061,1773,4691,3870,1810,11 833,34 037,5007,2108,4723,61 682,21 584,10 476,66 371,110 124,124 227,113 907,110 703,122 470
Russian Federation,13 083,102,1,1212,4491,2539,721,178,843,4711,2339,2123,629,129,101,27,173,1147,454,2444,3291,580,2072,4800,7428,6215,2874,7120,6630,28 672,74 463,18 570,20 449,18 370,,,,,,,,,,,,,,,,
Rwanda,108,29,40,108,818,229,145,95,1,10,17,75,31,121,5,6,26,494,129,386,1064,2738,896,2095,4359,,787,3988,28 874,5999,9861,17 429,5820,8970,5429,4364,12 387,42 749,16 760,17 269,20 001,36 792,79 384,80 402,61 094,96 203,73 337,79 278,44 721,48 246
Saint Kitts and Nevis,0,0,0,0,0,0,0,0,0,0,0,0,0,0,0,0,0,0,0,0,0,0,0,0,0,0,0,0,1,0,0,0,0,80,12,12,21,22,27,2,556,138,52,305,856,9,1,,,0
Saint Lucia,0,0,0,0,0,0,0,0,0,0,0,0,0,0,0,0,0,0,0,0,0,0,0,0,0,0,0,0,2,0,0,0,2,30,10,4,4,32,9,13,71,2039,134,35,9,134,0,725,520,382
Saint Vincent and the Grenadines,,0,0,0,0,0,0,0,0,0,0,0,0,0,0,0,0,0,0,0,0,0,0,0,0,0,0,0,0,0,0,0,0,1,1,10,1,2,5,15,63,757,19,257,40,0,,7,202,1
Samoa,0,0,0,11,5687,0,3,,,,,1,0,8,0,,,0,0,0,0,,,,,8,0,87,0,0,7,4,0,0,1,0,0,1,1095,0,7,28,72,376,68,1026,240,1348,314,538
San Marino,0,0,0,0,12,0,0,0,,,,1,0,0,0,,0,0,0,0,3,,,1,0,,22,,,,6,7,1,1,,,,,,,,,,,,,,,,
Sao Tome and Principe,,,0,,0,0,0,0,3,0,0,0,0,0,0,0,0,0,0,0,0,0,0,0,,,0,0,23,319,88,0,0,10,,118,0,69,62,576,216,3,194,519,362,186,8,24,,476
Saudi Arabia,2254,247,338,35,1035,1164,459,125,219,154,1164,294,362,334,82,158,4648,807,373,1880,1208,311,155,,2815,5519,3978,2407,2574,1253,3182,11 299,6368,5439,3588,8225,29 220,22 830,18 393,30 457,44 633,33 294,35 790,46 115,30 627,36 993,24 407,28 472,27 173,47 202
Senegal,564,508,187,212,267,12,11,162,58,32,17,46,18,428,999,6,11,3,0,31,1519,18 184,24 789,5839,3668,6594,6594,8069,,5944,14 693,15 367,11 427,5004,10 940,1596,3453,6831,,,26 481,32 380,34 516,29 144,39 188,29 888,44 844,46 309,26 567,35 069
Serbia,50,0,1,,22,5076,721,11,383,37,1,0,370,20,1,2,201,2,2,11,15,63,35,38,288,922,4692,458,524,800,16 777,2108,991,4978,16 149,6629,8639,14 148,25 325,20 233,12 967,13 826,20 878,37 441,18 596,27 667,27 918,31 487,31 782,24 340
Seychelles,0,0,0,27,0,,0,0,0,0,0,0,0,0,0,0,1,10,0,0,0,0,0,,2,626,3,2,0,0,0,0,6,13,5,0,2,4,10,19,267,347,4,3,2,,0,0,,
Sierra Leone,645,731,170,17,40,344,1873,920,607,1006,15,678,1865,1089,31,44,0,33,29,7,586,568,649,3575,,,361,,344,114,2288,914,284,830,625,207,1000,164,3351,4016,4327,4102,3408,3625,4102,151,534,474,,1328
Singapore,,,,,152,38,70,,,,138,42,148,50,16,18,15,23,33,96,33,211,408,141,65,114,1413,,185,159,0,606,216,143,146,192,123,218,136,2417,677,1965,771,,,,255,0,7,2
Sint Maarten (Dutch part),,,,,,0,0,,,,,,,,,,,,,,,,,,,,,,,,,,,,,,,,,,,,,,,,,,,
Slovakia,6,0,0,0,318,565,7,0,1,0,0,0,0,0,0,0,0,0,0,2,1,0,0,0,0,530,620,0,2,29,551,415,211,47,,,,,,,,,,,,,,,,
Slovenia,1,0,0,6,51,9,8,1,18,52,1,2,22,2,0,0,0,0,0,0,0,0,0,,1,13,9,8,398,134,7,10,32,,,,,,,,,,,,,,,,,
Solomon Islands,0,,,,,0,0,0,0,,0,0,0,0,0,0,0,0,0,0,0,0,0,,,0,0,0,0,640,1527,86,45,343,13 779,593,434,0,2,238,923,3331,2104,340,39,3054,2936,,,
Somalia,3167,17 361,7191,2531,283,9126,23 039,26,7497,10 229,3173,9983,17 298,115,13,1081,1149,7,,12 008,8257,9559,3571,3965,5523,3075,,1830,,,,,,,988,296,222,70,128,487,622,,,,,79,,,,
South Africa,1033,400,21,40,59,71,210,18,17,66,25,32,92,12 499,5857,39,31,81,615,830,244,1043,1166,1459,385,977,1337,6501,8845,6845,12 870,22 745,4777,10 624,18 268,15 258,22 559,13 459,17 884,16 160,16 735,12 906,15 809,19 193,4115,,,,,
South Sudan,7957,3608,,1290,3401,263,487,898,878,441,525,1952,1256,,,,,,,,,,,,,,,,,,,,,,,,,,,,,,,,,,,,,
Spain,15,1,2,89,288,225,161,37,115,154,131,1204,3802,302,41,297,267,362,22,26,256,67,,152,246,446,1842,4964,8849,6796,11 985,24 460,24 445,21 650,32 908,22 701,35 146,220 109,80 663,38 914,304 350,159 562,146 689,145 322,93 608,129 712,129 375,133 060,179 638,147 793
Sri Lanka,810,0,,2,49,1,1,112,1568,1686,2107,51,60,79,21,33,44,0,3,35,65,139,309,16 527,2417,177,195,158,408,566,558,701,1896,4004,780,2630,3508,6235,9398,13 215,8171,13 273,6232,5032,6126,6128,5814,5639,5000,1580
Sudan,1377,,,401,3555,4980,665,1767,3585,676,2813,8523,5616,680,68,129,327,228,1374,9562,4381,4529,4362,2875,3347,550,350,2559,841,963,683,17 017,30 014,14 075,15 114,7466,1635,27 136,67 589,2390,2806,68 171,64 804,50 168,44 015,16 426,35 115,24 542,58 028,57 507
Suriname,0,0,0,0,0,0,0,0,0,0,0,0,0,0,0,0,0,0,0,0,0,0,0,0,0,0,0,0,0,0,0,0,0,35,0,68,5,37,110,40,17,647,716,254,0,0,,143,,0
Sweden,11,5,0,5,20,43,41,3,22,26,51,30,26,6,3,25,1,19,13,5,3,9,5,59,,,62,44,23,21,25,57,25,29,62,38,,173,326,1003,4626,6223,3540,1786,8668,6908,10 313,8774,7841,7464
Switzerland,52,1,0,37,,50,105,65,35,23,175,61,621,77,958,2022,1015,,60,39,574,,700,,800,2000,6400,2000,1400,1400,3000,4300,2700,1990,2700,7600,7400,,,,,,,,,,,,,
Syrian Arab Republic,744,217,11,15,27,329,737,66,45,594,740,13,13,26,22,19,403,517,375,189,801,538,290,146,3,5400,6850,2060,1362,1334,2300,374,359,535,729,58,292,2154,425,1405,879,800,1729,1478,1664,1062,1492,1054,2057,1981
Türkiye,,103,,,2904,716,84,9,342,565,7405,349,111,7,4,0,3,34,6200,8927,5844,7823,30 509,16 244,16 329,27 120,22 795,27 171,13 544,23 733,34 285,24 626,22 521,11 372,19 273,9279,2194,2267,14 695,30 666,31 515,8778,26 547,8618,11 471,12 517,16 123,21 740,24 347,12 836
Tajikistan,294,454,10,,7,0,654,52,3,0,1,16,1,0,0,0,2,3,,4,2144,927,38,192,177,3070,3882,42,56,531,5045,2439,1241,6897,,,,,,,,,,,,,,,,
Thailand,64,64,,,5412,6035,1946,652,154,,2641,5197,3156,2583,6071,7790,3893,3588,3526,4165,4519,10 315,7319,4074,3167,13 734,15 122,5757,11 112,38 659,17 851,7892,26 709,29 244,14 862,36 092,42 172,19 545,32 156,47 205,34 713,27 691,24 298,16 795,13 151,8502,8775,5538,3392,2739
Timor-Leste,7,8,,2,22,0,0,2,43,47,4,16,763,50,10,0,0,90,203,41,94,0,,,,,,,,,,,,,,,,,,,,,,,,,,,,
Togo,686,722,82,91,69,38,46,15,20,577,564,238,187,120,425,187,8,26,38,61,295,363,1833,3578,2540,3771,450,223,6144,7298,4017,6959,9934,4548,3499,17 577,10 111,13 119,25 729,25 869,19 403,21 925,19 043,33 960,18 356,37 445,23 057,26 018,24 304,19 020
Tokelau,,,,,0,0,5,,,,,,0,0,0,,,,0,0,0,,0,0,0,0,0,0,0,,0,0,0,0,0,0,0,1,41,0,1,0,0,0,0,0,0,1841,0,
Tonga,12,,,,659,0,0,0,,,0,0,0,0,0,0,0,0,0,0,0,0,4,0,6,36,1081,0,0,,0,10,18,65,25,0,0,233,412,5,36,19,187,2336,523,17,84,2487,0,34
Trinidad and Tobago,0,,0,0,0,0,0,0,0,0,0,0,0,0,0,0,0,0,0,0,0,0,0,0,0,0,1,0,0,0,0,0,141,511,2170,388,441,2660,3549,3556,2392,1284,3601,384,394,775,1602,589,244,219
Tunisia,10,11,7,20,4669,13,5,7,16,15,16,48,11,1,1,2,4,3,15,1,22,98,231,47,101,123,371,533,676,597,1413,11 872,1250,547,1147,288,573,3740,4766,2481,1464,1828,3007,225,351,250,,,,
Turkmenistan,0,0,0,,0,0,0,0,0,0,0,0,0,0,0,0,59,48,0,1,1,11,9,113,452,1035,377,96,393,2613,2486,692,1346,2806,,,,,,,,,,,,,,,,
Turks and Caicos Islands,0,0,0,0,0,0,0,,,,,,,,,,,,,,0,0,0,0,0,0,0,0,4,0,0,0,8,2,0,0,0,0,2,6,100,3,16,4,0,10,26,1,,
Tuvalu,,,,,0,,,,,,,0,0,0,0,0,0,0,0,0,0,0,0,,0,,14,51,1,0,0,1,0,,0,0,284,0,0,2,0,20,3,509,94,0,0,1,0,
Uganda,399,52,606,314,920,2627,1021,139,478,314,7878,2027,3312,1313,1601,1319,3776,5736,22,141,29 429,49 871,48 543,42 554,42 737,42 528,12 562,26 198,42 659,49 815,,36 511,,2637,660,1666,,,,20 072,43 016,11 408,18 630,13 415,2571,17 877,26 879,12 828,6802,3643
Ukraine,66,11,16,264,57 282,53 219,4782,102,105,,,12 746,1333,39,,48,1005,42 724,2392,146,411,7587,16 970,817,1389,5107,7000,8678,1923,9837,23 452,13 289,5321,6841,,,,,,,,,,,,,,,,
United Arab Emirates,484,98,35,50,187,172,121,223,347,344,,132,,87,,55,,,29,22,42,53,30,69,117,296,243,425,671,518,745,1063,1148,1187,1068,1187,2913,2158,2400,1749,2105,1691,2820,2796,1616,1973,1056,897,399,555
United Kingdom of Great Britain and Northern Ireland,493,63,2,95,1092,1216,364,558,91,133,1919,2092,1112,443,1212,1445,1022,764,79,189,460,314,73,104,,74,4844,6866,9017,23 525,12 018,12 317,11 727,28 228,30 160,88 259,44 850,90 214,104 774,67 632,114 948,105 642,61 779,147 962,93 371,133 811,190 393,68 422,158 619,118 672
United Republic of Tanzania,2887,612,0,127,120,74,852,33,30,88,185,1668,1622,167,1574,3413,7726,2362,23,1419,1673,5131,11 847,14 649,5887,10 023,7287,10 676,3160,3558,16 471,13 040,27 188,14 920,7033,14 568,42 109,38 229,46 032,39 311,68 804,102 127,79 764,63 100,66 062,83 009,67 756,33 221,,
United States of America,,,14,1275,,375,120,85,188,667,187,55,220,63,71,140,43,55,66,37,56,41,116,85,100,100,138,489,309,958,312,2231,9643,27 786,18 193,3396,3655,6282,2822,2587,1497,1714,3124,13 506,13 597,26 871,57 345,41 126,24 374,22 094
Uruguay,0,0,0,2,9,0,0,0,0,0,0,0,0,0,0,0,0,0,0,0,0,0,0,0,34,6,2,2,5,0,16,187,2040,110,20,76,1190,198,160,352,18,135,15 465,141,1226,552,5178,1356,5754,4456
Uzbekistan,1176,7,0,4103,1672,22,0,1,22,8,0,,476,117,0,2,863,823,737,75,85,25,22,80,1193,875,261,228,294,1661,2354,2020,3878,3943,,,,,,,,,,,,,,,,
Vanuatu,0,0,0,0,0,0,,,39,10,0,0,0,0,0,0,0,0,3,,165,101,7,9,12,,113,4,27,27,67,154,541,67,169,140,253,1064,940,1634,401,832,45,39,7,378,1133,24,129,
Venezuela (Bolivarian Republic of),0,,0,0,548,5667,727,0,0,0,0,1,0,0,0,0,32,78,0,0,0,2392,115,22,0,4,27,89,172,15 364,20 244,11 949,15 273,9881,10 160,12 339,19 261,14 026,21 974,11 833,11 263,14 200,31 255,9750,21 691,18 568,13 330,23 268,34 796,33 454
Viet Nam,43,23,162,846,14 156,2256,227,46,256,15 033,1123,578,750,2809,6582,352,17,1978,410,217,2297,6755,12 058,16 512,14 134,11 690,6507,5156,6171,11 853,12 015,11 830,9874,8175,22 332,23 308,30 460,68 463,82 231,87 796,125 176,72 466,62 400,86 901,117 560,115 034,122 558,71 011,63 896,26 975
Wallis and Futuna Islands,,,,,,0,,,,,0,0,,,,,0,,,,0,,,0,0,0,0,,13,9,9,0,,,0,0,,,,4,65,87,18,342,0,7,48,155,0,
Yemen,49 755,23 941,4904,298,1161,10 640,433,143,468,815,400,2177,2676,510,130,7,13,8079,6285,12 708,8536,890,485,,26 126,8785,51,,225,35,601,2420,75,,26 681,10 424,17 408,15 596,27 997,39 713,33 348,24 482,21 355,18 020,23 335,7744,14 234,8814,2564,1530
Zambia,5653,1755,55,237,15,11,13,8,9,9,35,896,13 234,15 754,26,140,535,459,45,35,881,25 036,16 997,30 930,23 518,,7140,9459,8533,14 255,11 829,11 006,2822,6748,5747,12 487,14 793,23 866,51 000,36 881,51 140,73 499,184 210,98 659,95 069,98 516,112 021,128 135,91 461,113 643
Zimbabwe,5532,5532,282,3,4,1,1,1,0,0,0,0,0,9696,853,0,242,212,420,31,998,304,529,1483,772,2049,12 971,37 407,8529,37 785,34 071,17 346,24 090,13 728,47 509,49 812,17 675,20 388,22 290,21 662,36 253,4941,4995,23 650,8849,6081,9026,6112,,
,,,,,,,,,,,,,,,,,,,,,,,,,,,,,,,,,,,,,,,,,,,,,,,,,,
,,,,,,,,,,,,,,,,,,,,,,,,,,,,,,,,,,,,,,,,,,,,,,,,,,
"Applied filters:
Location type is Country
LANGUAGE_CODE is en
IndicatorCode is WHS3_62",,,,,,,,,,,,,,,,,,,,,,,,,,,,,,,,,,,,,,,,,,,,,,,,,,
